{
"train_reward": [
5.53125,
5.375,
4.96875,
5.71875,
5.3125,
6.0,
5.71875,
7.59375,
5.65625,
5.75,
5.0,
6.25,
5.75,
7.3125,
7.09375,
6.4375,
6.09375,
7.28125,
6.46875,
7.5,
5.875,
5.34375,
6.21875,
7.125,
6.34375,
7.375,
5.78125,
5.78125,
6.65625,
6.90625,
8.59375,
6.03125,
6.875,
6.78125,
6.90625,
6.4375,
6.625,
5.84375,
7.21875,
7.5625,
7.25,
7.5625,
7.46875,
8.0,
7.65625,
6.71875,
7.625,
7.03125,
8.3125,
7.59375,
7.78125,
7.6875,
6.59375,
7.25,
6.5,
8.09375,
6.6875,
7.03125,
7.375,
7.84375,
7.0625,
7.5625,
6.6875,
5.9375,
8.5625,
6.40625,
7.09375,
8.21875,
7.53125,
7.5,
8.0625,
6.0625,
8.1875,
6.8125,
7.78125,
8.15625,
6.78125,
8.34375,
7.09375,
7.125,
6.8125,
8.21875,
8.1875,
7.6875,
8.5625,
7.625,
7.75,
8.09375,
7.3125,
8.09375,
8.0,
7.15625,
7.34375,
7.53125,
8.46875,
7.125,
8.5625,
7.90625,
7.25,
7.15625,
6.40625,
6.09375,
7.15625,
7.1875,
7.40625,
7.75,
7.125,
7.03125,
7.8125,
6.84375,
7.28125,
7.21875,
7.46875,
7.46875,
7.3125,
7.03125,
7.40625,
7.75,
7.0,
7.71875,
8.84375,
8.21875,
8.125
],
"val_reward": [
4.71875,
5.0,
3.875,
5.40625,
6.625,
7.03125,
4.4375,
5.40625,
5.5625,
5.625,
5.21875,
5.40625,
6.15625,
6.34375,
6.03125,
6.84375,
6.125,
5.75,
3.84375,
5.90625,
8.15625,
7.375,
7.875,
4.40625,
6.0625,
7.59375,
7.9375,
6.9375,
7.65625,
6.65625,
6.6875,
6.40625,
7.15625,
7.15625,
5.625,
7.03125,
5.96875,
7.21875,
6.96875,
6.625,
6.1875,
6.78125,
6.96875,
6.28125,
7.1875,
7.375,
7.25,
6.46875,
7.125,
6.875,
6.96875,
4.9375,
5.8125,
6.0,
7.09375,
5.3125,
5.96875,
6.15625,
6.0,
6.65625,
6.0625,
5.90625,
8.25,
5.90625,
8.5,
7.0,
6.6875,
7.21875,
6.65625,
8.46875,
6.9375,
8.46875,
6.1875,
7.25,
7.9375,
6.8125,
6.90625,
7.78125,
7.8125,
8.34375,
8.53125,
8.65625,
7.46875,
6.71875,
7.8125,
7.46875,
7.5625,
7.3125,
10.0625,
7.75,
6.3125,
8.0625,
6.375,
7.5,
6.96875,
8.34375,
7.53125,
7.625,
6.6875,
7.71875,
7.71875,
5.9375,
6.9375,
8.6875,
8.125,
7.90625,
9.625,
9.1875,
8.1875,
8.25,
7.65625,
6.375,
8.53125,
8.84375,
8.625,
9.125,
9.75,
8.53125,
8.03125,
10.96875,
10.59375,
10.59375,
8.625
],
"steps": [
8192,
16384,
24576,
32768,
40960,
49152,
57344,
65536,
73728,
81920,
90112,
98304,
106496,
114688,
122880,
131072,
139264,
147456,
155648,
163840,
172032,
180224,
188416,
196608,
204800,
212992,
221184,
229376,
237568,
245760,
253952,
262144,
270336,
278528,
286720,
294912,
303104,
311296,
319488,
327680,
335872,
344064,
352256,
360448,
368640,
376832,
385024,
393216,
401408,
409600,
417792,
425984,
434176,
442368,
450560,
458752,
466944,
475136,
483328,
491520,
499712,
507904,
516096,
524288,
532480,
540672,
548864,
557056,
565248,
573440,
581632,
589824,
598016,
606208,
614400,
622592,
630784,
638976,
647168,
655360,
663552,
671744,
679936,
688128,
696320,
704512,
712704,
720896,
729088,
737280,
745472,
753664,
761856,
770048,
778240,
786432,
794624,
802816,
811008,
819200,
827392,
835584,
843776,
851968,
860160,
868352,
876544,
884736,
892928,
901120,
909312,
917504,
925696,
933888,
942080,
950272,
958464,
966656,
974848,
983040,
991232,
999424,
1007616
]
}