{
"train_reward": [
5.375,
5.78125,
5.5625,
5.625,
5.625,
7.34375,
5.96875,
6.0,
4.15625,
4.78125,
5.59375,
5.875,
5.09375,
7.40625,
7.25,
6.3125,
6.9375,
7.125,
6.15625,
5.125,
6.5,
6.46875,
7.1875,
7.09375,
6.6875,
6.25,
6.8125,
6.09375,
5.5,
7.5,
8.125,
7.59375,
7.28125,
6.40625,
7.90625,
6.875,
7.28125,
6.75,
6.0625,
7.34375,
7.0625,
8.5625,
6.25,
7.15625,
7.40625,
6.3125,
7.71875,
7.0,
7.625,
7.1875,
7.90625,
7.03125,
8.53125,
8.3125,
9.15625,
8.09375,
7.71875,
7.78125,
8.96875,
7.375,
8.03125,
10.0
],
"val_reward": [
4.71875,
4.46875,
4.53125,
5.625,
6.25,
5.1875,
6.9375,
5.4375,
5.65625,
6.46875,
6.34375,
5.3125,
6.03125,
5.09375,
5.9375,
6.71875,
5.9375,
4.375,
5.0,
5.9375,
4.65625,
6.96875,
7.59375,
5.40625,
6.75,
7.5625,
7.59375,
6.5625,
6.6875,
7.4375,
6.28125,
7.53125,
8.875,
5.875,
7.03125,
6.6875,
7.09375,
6.6875,
6.28125,
8.15625,
7.40625,
7.15625,
7.375,
8.5625,
7.625,
8.90625,
7.375,
8.78125,
7.9375,
8.03125,
7.625,
6.375,
7.65625,
9.1875,
7.0,
10.0625,
8.0625,
9.75,
8.375,
7.84375,
10.15625,
9.21875
],
"steps": [
8192,
16384,
24576,
32768,
40960,
49152,
57344,
65536,
73728,
81920,
90112,
98304,
106496,
114688,
122880,
131072,
139264,
147456,
155648,
163840,
172032,
180224,
188416,
196608,
204800,
212992,
221184,
229376,
237568,
245760,
253952,
262144,
270336,
278528,
286720,
294912,
303104,
311296,
319488,
327680,
335872,
344064,
352256,
360448,
368640,
376832,
385024,
393216,
401408,
409600,
417792,
425984,
434176,
442368,
450560,
458752,
466944,
475136,
483328,
491520,
499712,
507904
]
}