{
"train_reward": [
5.375,
5.78125,
5.5625,
5.625,
5.625,
7.34375,
5.96875,
6.0,
4.15625,
4.78125,
5.59375,
5.875,
5.09375,
7.40625,
7.25,
6.3125,
6.9375,
7.125,
6.15625,
5.125,
6.5,
6.46875,
7.1875,
7.09375,
6.6875,
6.25,
6.8125,
6.09375,
5.5,
7.5,
8.125,
7.59375,
7.28125,
6.40625,
7.90625,
6.875,
7.28125,
6.75,
6.0625,
7.34375,
7.0625,
8.5625,
6.25,
7.15625,
7.40625,
6.3125,
7.71875,
7.0,
7.625,
7.1875,
7.90625,
7.03125,
8.53125,
8.3125,
9.15625,
8.09375,
7.71875,
7.78125,
8.96875,
7.375,
8.03125,
10.0,
7.53125,
7.3125,
8.65625,
8.09375,
8.0,
8.9375,
9.59375,
8.28125,
6.5,
7.59375,
8.96875,
8.46875,
7.34375,
7.4375,
9.125,
7.53125,
7.65625,
7.34375,
9.125,
7.40625,
8.75,
8.78125,
7.9375,
7.875,
9.28125,
8.8125,
8.96875,
9.0,
9.125,
7.5,
8.9375,
7.875,
8.40625,
7.03125,
8.09375,
7.0625,
7.875,
6.75,
8.8125,
6.59375,
6.5625,
7.6875,
7.125,
8.4375,
7.40625,
7.8125,
8.71875,
6.59375,
9.65625,
8.28125,
8.5,
9.28125,
8.28125,
7.4375,
8.5,
8.90625,
9.8125,
9.75,
9.21875,
7.96875,
8.34375,
8.46875,
9.34375,
7.25,
8.34375,
10.5625,
8.75,
9.9375,
10.53125,
8.90625,
8.71875,
8.78125,
8.875,
8.59375,
8.84375,
8.28125,
9.53125,
8.90625,
8.3125,
8.28125,
8.125,
9.46875,
9.3125,
8.28125,
8.46875,
9.09375,
7.6875,
9.3125,
8.875,
10.1875,
8.75,
9.96875,
8.15625,
8.65625,
10.84375,
10.09375,
10.375,
9.21875,
8.21875,
9.65625,
9.03125,
9.1875,
8.1875,
7.59375,
9.5,
7.34375,
8.1875,
9.9375,
8.15625,
7.5625,
7.875,
7.3125,
9.46875,
9.15625,
9.09375,
10.125,
8.0,
8.71875,
8.0,
10.1875,
10.0,
9.25
],
"val_reward": [
4.71875,
4.46875,
4.53125,
5.625,
6.25,
5.1875,
6.9375,
5.4375,
5.65625,
6.46875,
6.34375,
5.3125,
6.03125,
5.09375,
5.9375,
6.71875,
5.9375,
4.375,
5.0,
5.9375,
4.65625,
6.96875,
7.59375,
5.40625,
6.75,
7.5625,
7.59375,
6.5625,
6.6875,
7.4375,
6.28125,
7.53125,
8.875,
5.875,
7.03125,
6.6875,
7.09375,
6.6875,
6.28125,
8.15625,
7.40625,
7.15625,
7.375,
8.5625,
7.625,
8.90625,
7.375,
8.78125,
7.9375,
8.03125,
7.625,
6.375,
7.65625,
9.1875,
7.0,
10.0625,
8.0625,
9.75,
8.375,
7.84375,
10.15625,
9.21875,
8.84375,
7.59375,
9.0,
9.625,
10.40625,
8.8125,
8.34375,
9.90625,
8.9375,
8.90625,
9.90625,
7.71875,
8.84375,
7.25,
7.59375,
8.96875,
7.9375,
7.625,
8.125,
7.65625,
8.4375,
9.21875,
8.65625,
9.03125,
9.5,
9.625,
8.875,
7.96875,
9.03125,
8.9375,
9.75,
6.0625,
7.5,
9.15625,
7.9375,
7.84375,
8.28125,
9.28125,
6.78125,
8.21875,
7.03125,
7.625,
8.4375,
9.0625,
8.59375,
8.1875,
8.5625,
7.78125,
7.125,
8.71875,
9.625,
8.46875,
7.6875,
7.90625,
7.75,
9.03125,
6.8125,
9.15625,
8.5625,
9.03125,
8.5625,
8.5,
8.875,
9.0625,
7.25,
8.53125,
8.25,
8.75,
8.0,
8.21875,
7.875,
8.125,
8.125,
8.75,
7.5,
7.78125,
9.0625,
8.1875,
7.875,
7.5,
7.8125,
7.90625,
8.625,
8.0,
8.0,
6.96875,
8.0625,
7.8125,
9.65625,
9.46875,
9.28125,
9.40625,
8.75,
8.84375,
9.1875,
7.90625,
7.8125,
8.21875,
7.875,
9.6875,
9.3125,
7.09375,
7.0625,
7.59375,
8.25,
9.40625,
9.625,
10.5625,
8.625,
9.1875,
9.125,
9.46875,
8.5625,
10.8125,
8.21875,
8.5,
8.84375,
10.5,
9.09375,
9.78125,
8.65625,
7.34375
],
"steps": [
8192,
16384,
24576,
32768,
40960,
49152,
57344,
65536,
73728,
81920,
90112,
98304,
106496,
114688,
122880,
131072,
139264,
147456,
155648,
163840,
172032,
180224,
188416,
196608,
204800,
212992,
221184,
229376,
237568,
245760,
253952,
262144,
270336,
278528,
286720,
294912,
303104,
311296,
319488,
327680,
335872,
344064,
352256,
360448,
368640,
376832,
385024,
393216,
401408,
409600,
417792,
425984,
434176,
442368,
450560,
458752,
466944,
475136,
483328,
491520,
499712,
507904,
516096,
524288,
532480,
540672,
548864,
557056,
565248,
573440,
581632,
589824,
598016,
606208,
614400,
622592,
630784,
638976,
647168,
655360,
663552,
671744,
679936,
688128,
696320,
704512,
712704,
720896,
729088,
737280,
745472,
753664,
761856,
770048,
778240,
786432,
794624,
802816,
811008,
819200,
827392,
835584,
843776,
851968,
860160,
868352,
876544,
884736,
892928,
901120,
909312,
917504,
925696,
933888,
942080,
950272,
958464,
966656,
974848,
983040,
991232,
999424,
1007616,
1015808,
1024000,
1032192,
1040384,
1048576,
1056768,
1064960,
1073152,
1081344,
1089536,
1097728,
1105920,
1114112,
1122304,
1130496,
1138688,
1146880,
1155072,
1163264,
1171456,
1179648,
1187840,
1196032,
1204224,
1212416,
1220608,
1228800,
1236992,
1245184,
1253376,
1261568,
1269760,
1277952,
1286144,
1294336,
1302528,
1310720,
1318912,
1327104,
1335296,
1343488,
1351680,
1359872,
1368064,
1376256,
1384448,
1392640,
1400832,
1409024,
1417216,
1425408,
1433600,
1441792,
1449984,
1458176,
1466368,
1474560,
1482752,
1490944,
1499136,
1507328
]
}