{
"train_reward": [
1.15625,
1.6875,
3.5,
6.0625,
8.71875,
11.21875,
14.03125,
15.4375,
15.625,
17.71875,
18.34375,
18.875,
16.84375,
16.5625,
15.59375,
16.625,
16.84375,
17.21875,
18.25,
17.65625,
17.1875,
19.0,
16.5625,
16.65625,
15.5,
16.0,
14.71875,
14.65625,
13.90625,
15.21875,
13.21875,
13.625,
14.8125,
14.78125,
13.625,
15.03125,
13.78125,
13.15625,
12.78125,
13.75,
13.4375,
14.1875,
14.0,
13.84375,
13.5,
12.375,
13.0625,
14.3125,
14.03125,
13.5,
13.71875,
14.1875,
14.75,
14.78125,
14.65625,
13.625,
16.0625,
14.6875,
15.71875,
15.15625,
13.8125,
13.15625
],
"val_reward": [
4.03125,
5.3125,
5.4375,
8.1875,
6.375,
8.6875,
9.25,
10.03125,
8.28125,
9.03125,
9.875,
10.1875,
9.40625,
9.4375,
8.0,
9.09375,
8.84375,
10.0,
9.3125,
9.3125,
11.125,
10.96875,
10.09375,
10.71875,
9.90625,
10.25,
11.21875,
10.5625,
10.09375,
10.34375,
10.5,
10.40625,
9.46875,
10.15625,
10.34375,
11.9375,
10.75,
9.90625,
10.96875,
11.40625,
10.71875,
11.4375,
9.6875,
11.3125,
10.25,
10.375,
11.5,
10.4375,
11.125,
10.78125,
11.4375,
12.3125,
12.1875,
12.40625,
11.15625,
12.09375,
10.8125,
11.40625,
10.25,
11.75,
11.9375,
11.625
],
"steps": [
8192,
16384,
24576,
32768,
40960,
49152,
57344,
65536,
73728,
81920,
90112,
98304,
106496,
114688,
122880,
131072,
139264,
147456,
155648,
163840,
172032,
180224,
188416,
196608,
204800,
212992,
221184,
229376,
237568,
245760,
253952,
262144,
270336,
278528,
286720,
294912,
303104,
311296,
319488,
327680,
335872,
344064,
352256,
360448,
368640,
376832,
385024,
393216,
401408,
409600,
417792,
425984,
434176,
442368,
450560,
458752,
466944,
475136,
483328,
491520,
499712,
507904
]
}