{
"train_reward": [
4.8125,
4.78125,
6.84375,
7.21875,
7.53125,
7.0625,
5.71875,
5.8125,
5.65625,
6.9375,
7.46875,
6.0,
6.53125,
6.8125,
6.65625,
8.0,
6.6875,
7.5,
7.46875,
8.6875,
7.5,
9.125,
8.3125,
8.46875,
7.78125,
7.3125,
7.75,
8.375,
8.46875,
7.34375,
7.96875,
7.625,
7.84375,
8.28125,
8.4375,
8.3125,
7.875,
9.5625,
7.65625,
7.75,
9.21875,
8.78125,
7.09375,
9.5,
8.8125,
8.9375,
8.71875,
9.90625,
9.4375,
8.78125,
8.6875,
9.40625,
9.65625,
8.65625,
8.34375,
9.53125,
8.375,
9.15625,
8.875,
9.0625,
9.6875,
9.3125
],
"val_reward": [
3.375,
5.15625,
4.53125,
4.4375,
5.90625,
6.4375,
5.96875,
4.90625,
5.09375,
5.125,
6.21875,
6.09375,
6.28125,
5.875,
7.9375,
7.0625,
6.34375,
7.53125,
7.25,
7.46875,
6.875,
6.8125,
7.53125,
6.5,
8.09375,
7.125,
8.5625,
7.5,
7.34375,
6.90625,
6.71875,
7.625,
7.6875,
7.03125,
8.1875,
6.53125,
7.4375,
8.5,
7.75,
6.78125,
9.625,
8.78125,
7.71875,
8.21875,
7.90625,
6.78125,
7.875,
8.71875,
8.5,
7.65625,
7.71875,
6.34375,
9.03125,
7.65625,
7.96875,
8.03125,
8.5,
7.25,
8.28125,
7.65625,
6.875,
8.25
],
"steps": [
8192,
16384,
24576,
32768,
40960,
49152,
57344,
65536,
73728,
81920,
90112,
98304,
106496,
114688,
122880,
131072,
139264,
147456,
155648,
163840,
172032,
180224,
188416,
196608,
204800,
212992,
221184,
229376,
237568,
245760,
253952,
262144,
270336,
278528,
286720,
294912,
303104,
311296,
319488,
327680,
335872,
344064,
352256,
360448,
368640,
376832,
385024,
393216,
401408,
409600,
417792,
425984,
434176,
442368,
450560,
458752,
466944,
475136,
483328,
491520,
499712,
507904
]
}