{
"train_reward": [
3.90625,
4.09375,
4.53125,
4.375,
4.40625,
4.3125,
5.5625,
3.65625,
4.03125,
4.90625,
5.84375,
4.96875,
5.84375,
6.0625,
7.34375,
7.96875,
7.96875,
6.9375,
7.875,
8.25,
7.625,
9.6875,
10.40625,
8.46875,
8.21875,
10.6875,
10.1875,
9.40625,
10.125,
10.96875,
10.59375,
11.40625,
10.6875,
10.96875,
11.46875,
10.0,
11.5625,
12.46875,
11.125,
10.96875,
10.875,
10.625,
11.03125,
11.625,
13.15625,
11.375,
11.1875,
11.75,
11.875,
12.09375,
11.75,
12.21875,
12.53125,
12.90625,
11.8125,
11.53125,
12.09375,
12.625,
11.28125,
10.96875,
10.90625,
12.0,
11.21875,
12.5,
11.875,
13.21875,
12.125,
13.46875,
13.09375,
12.15625,
12.78125,
13.4375,
12.5625,
12.25,
11.9375,
13.1875,
10.9375,
12.0625,
12.1875,
12.96875,
13.84375,
12.375,
12.875,
13.0625,
14.125,
14.4375,
14.5625,
12.96875,
11.90625,
12.8125,
13.84375,
14.15625,
14.5,
14.78125,
14.0625,
13.28125,
15.0625,
12.65625,
13.65625,
12.25,
12.40625,
13.09375,
14.53125,
13.15625,
14.59375,
12.09375,
14.0625,
12.875,
13.78125,
14.21875,
12.34375,
13.8125,
12.75,
14.34375,
14.6875,
14.15625,
13.15625,
14.5,
13.0625,
11.53125,
14.625,
14.4375,
14.625,
14.375,
15.28125,
15.15625,
14.4375,
14.78125,
13.03125,
12.84375,
14.90625,
14.21875,
14.5625,
13.78125,
14.4375,
14.21875,
15.4375,
15.59375,
13.46875,
14.78125,
15.21875,
13.96875,
14.6875,
14.65625,
14.53125,
13.15625,
14.96875,
15.3125,
14.28125,
13.28125,
13.90625,
14.28125,
14.25,
11.84375,
14.59375,
15.65625,
15.53125,
16.3125,
15.46875,
13.8125,
12.9375,
14.3125,
15.53125,
14.125,
14.1875,
15.125,
15.65625,
14.21875,
14.34375,
14.46875,
14.3125,
14.4375,
15.59375,
15.1875,
15.5625,
16.40625,
15.40625,
14.75,
16.71875,
14.09375,
14.0625,
15.625,
13.75,
15.65625
],
"val_reward": [
6.34375,
6.5,
6.03125,
6.40625,
6.75,
6.8125,
6.65625,
6.4375,
6.03125,
6.96875,
7.5,
7.78125,
8.40625,
7.90625,
7.96875,
7.15625,
7.15625,
7.75,
9.46875,
8.3125,
9.375,
8.71875,
8.6875,
8.34375,
8.90625,
8.21875,
9.1875,
8.6875,
9.71875,
8.1875,
8.15625,
7.1875,
8.71875,
8.21875,
9.875,
9.3125,
8.8125,
8.375,
8.65625,
9.5,
8.25,
9.09375,
9.1875,
9.90625,
8.65625,
10.3125,
8.875,
9.75,
7.65625,
8.65625,
7.9375,
8.3125,
8.46875,
8.96875,
6.9375,
8.84375,
8.96875,
8.90625,
8.1875,
8.5,
9.0625,
7.15625,
7.375,
8.21875,
8.75,
8.3125,
7.84375,
7.46875,
8.03125,
8.46875,
8.09375,
7.96875,
9.0,
8.40625,
8.96875,
7.6875,
8.53125,
7.15625,
6.59375,
8.25,
7.8125,
8.5,
8.53125,
7.75,
7.3125,
9.53125,
7.75,
9.0,
7.15625,
7.65625,
7.15625,
7.65625,
8.875,
8.21875,
8.09375,
8.5,
7.5625,
7.53125,
8.03125,
7.1875,
8.875,
7.5,
6.1875,
7.1875,
7.15625,
8.84375,
6.59375,
8.5625,
8.1875,
8.46875,
8.75,
8.1875,
8.9375,
8.71875,
7.625,
8.15625,
9.125,
8.3125,
8.6875,
9.125,
7.5625,
8.65625,
6.59375,
8.5,
8.40625,
9.8125,
7.9375,
7.875,
8.1875,
9.65625,
7.75,
6.90625,
8.6875,
7.8125,
8.40625,
8.65625,
7.0,
7.59375,
8.21875,
8.1875,
10.09375,
7.40625,
7.40625,
8.65625,
7.625,
8.0625,
8.875,
9.78125,
7.25,
7.0625,
8.28125,
8.21875,
8.28125,
7.375,
7.71875,
8.28125,
8.0,
7.25,
7.125,
8.5625,
7.84375,
9.03125,
7.375,
8.65625,
8.46875,
9.53125,
7.3125,
8.21875,
8.375,
7.15625,
7.78125,
10.0625,
9.46875,
9.71875,
8.625,
8.5,
8.53125,
8.71875,
8.34375,
10.21875,
7.5,
8.125,
8.0,
8.28125
],
"steps": [
8192,
16384,
24576,
32768,
40960,
49152,
57344,
65536,
73728,
81920,
90112,
98304,
106496,
114688,
122880,
131072,
139264,
147456,
155648,
163840,
172032,
180224,
188416,
196608,
204800,
212992,
221184,
229376,
237568,
245760,
253952,
262144,
270336,
278528,
286720,
294912,
303104,
311296,
319488,
327680,
335872,
344064,
352256,
360448,
368640,
376832,
385024,
393216,
401408,
409600,
417792,
425984,
434176,
442368,
450560,
458752,
466944,
475136,
483328,
491520,
499712,
507904,
516096,
524288,
532480,
540672,
548864,
557056,
565248,
573440,
581632,
589824,
598016,
606208,
614400,
622592,
630784,
638976,
647168,
655360,
663552,
671744,
679936,
688128,
696320,
704512,
712704,
720896,
729088,
737280,
745472,
753664,
761856,
770048,
778240,
786432,
794624,
802816,
811008,
819200,
827392,
835584,
843776,
851968,
860160,
868352,
876544,
884736,
892928,
901120,
909312,
917504,
925696,
933888,
942080,
950272,
958464,
966656,
974848,
983040,
991232,
999424,
1007616,
1015808,
1024000,
1032192,
1040384,
1048576,
1056768,
1064960,
1073152,
1081344,
1089536,
1097728,
1105920,
1114112,
1122304,
1130496,
1138688,
1146880,
1155072,
1163264,
1171456,
1179648,
1187840,
1196032,
1204224,
1212416,
1220608,
1228800,
1236992,
1245184,
1253376,
1261568,
1269760,
1277952,
1286144,
1294336,
1302528,
1310720,
1318912,
1327104,
1335296,
1343488,
1351680,
1359872,
1368064,
1376256,
1384448,
1392640,
1400832,
1409024,
1417216,
1425408,
1433600,
1441792,
1449984,
1458176,
1466368,
1474560,
1482752,
1490944,
1499136,
1507328
]
}