{
"train_reward": [
3.90625,
4.09375,
4.53125,
4.375,
4.40625,
4.3125,
5.5625,
3.65625,
4.03125,
4.90625,
5.84375,
4.96875,
5.84375,
6.0625,
7.34375,
7.96875,
7.96875,
6.9375,
7.875,
8.25,
7.625,
9.6875,
10.40625,
8.46875,
8.21875,
10.6875,
10.1875,
9.40625,
10.125,
10.96875,
10.59375,
11.40625,
10.6875,
10.96875,
11.46875,
10.0,
11.5625,
12.46875,
11.125,
10.96875,
10.875,
10.625,
11.03125,
11.625,
13.15625,
11.375,
11.1875,
11.75,
11.875,
12.09375,
11.75,
12.21875,
12.53125,
12.90625,
11.8125,
11.53125,
12.09375,
12.625,
11.28125,
10.96875,
10.90625,
12.0
],
"val_reward": [
6.34375,
6.5,
6.03125,
6.40625,
6.75,
6.8125,
6.65625,
6.4375,
6.03125,
6.96875,
7.5,
7.78125,
8.40625,
7.90625,
7.96875,
7.15625,
7.15625,
7.75,
9.46875,
8.3125,
9.375,
8.71875,
8.6875,
8.34375,
8.90625,
8.21875,
9.1875,
8.6875,
9.71875,
8.1875,
8.15625,
7.1875,
8.71875,
8.21875,
9.875,
9.3125,
8.8125,
8.375,
8.65625,
9.5,
8.25,
9.09375,
9.1875,
9.90625,
8.65625,
10.3125,
8.875,
9.75,
7.65625,
8.65625,
7.9375,
8.3125,
8.46875,
8.96875,
6.9375,
8.84375,
8.96875,
8.90625,
8.1875,
8.5,
9.0625,
7.15625
],
"steps": [
8192,
16384,
24576,
32768,
40960,
49152,
57344,
65536,
73728,
81920,
90112,
98304,
106496,
114688,
122880,
131072,
139264,
147456,
155648,
163840,
172032,
180224,
188416,
196608,
204800,
212992,
221184,
229376,
237568,
245760,
253952,
262144,
270336,
278528,
286720,
294912,
303104,
311296,
319488,
327680,
335872,
344064,
352256,
360448,
368640,
376832,
385024,
393216,
401408,
409600,
417792,
425984,
434176,
442368,
450560,
458752,
466944,
475136,
483328,
491520,
499712,
507904
]
}